{
  "id": "0917f583-5b18-4762-ab4d-364a830c5feb",
  "name": "measure_type",
  "isOverridable": true,
  "entries": [
    {
      "value": "individual",
      "synonyms": [
        "individual",
        "each",
        "per",
        "per product",
        "per store",
        "for each"
      ]
    },
    {
      "value": "aggregate",
      "synonyms": [
        "aggregate",
        "just the total",
        "total",
        "overall"
      ]
    }
  ],
  "isEnum": false,
  "automatedExpansion": false
}