{
  "id": "db12f1b9-92e9-4409-bb68-3e8ade088af2",
  "name": "metric_name",
  "isOverridable": true,
  "entries": [
    {
      "value": "sales",
      "synonyms": [
        "sales",
        "sale"
      ]
    },
    {
      "value": "quantity sold",
      "synonyms": [
        "quantity",
        "quantity sold",
        "sold quantity"
      ]
    },
    {
      "value": "discounts",
      "synonyms": [
        "discount",
        "discounts"
      ]
    },
    {
      "value": "refunds",
      "synonyms": [
        "refund",
        "refunds"
      ]
    }
  ],
  "isEnum": false,
  "automatedExpansion": false
}