{
  "id": "b61f2dfc-65be-4636-9fa5-29e36aa9a617",
  "name": "metrics",
  "isOverridable": true,
  "entries": [
    {
      "value": "@metric_name",
      "synonyms": [
        "@metric_name"
      ]
    },
    {
      "value": "@metric_name and @metric_name",
      "synonyms": [
        "@metric_name and @metric_name"
      ]
    },
    {
      "value": "@metric_name, @metric_name, and @metric_name",
      "synonyms": [
        "@metric_name, @metric_name, and @metric_name"
      ]
    },
    {
      "value": "@metric_name @metric_name @metric_name",
      "synonyms": [
        "@metric_name @metric_name @metric_name"
      ]
    },
    {
      "value": "@metric_name @metric_name @metric_name @metric_name",
      "synonyms": [
        "@metric_name @metric_name @metric_name @metric_name"
      ]
    }
  ],
  "isEnum": true,
  "automatedExpansion": false
}