{
  "id": "c6a6801b-32ac-4acf-a711-5c6da1c4a6de",
  "name": "scope",
  "isOverridable": true,
  "entries": [
    {
      "value": "all",
      "synonyms": [
        "all",
        "all of them",
        "all products",
        "all stores"
      ]
    },
    {
      "value": "specific",
      "synonyms": [
        "specific",
        "specific product",
        "certain",
        "choose",
        "certain stores",
        "certain products",
        "just one"
      ]
    }
  ],
  "isEnum": false,
  "automatedExpansion": false
}