{
  "id": "137934af-e835-4768-920e-f4aeb94d5aac",
  "name": "sort_type",
  "isOverridable": true,
  "entries": [
    {
      "value": "small-to-large",
      "synonyms": [
        "small-lto-large",
        "smallest to largest",
        "from smallest to largest",
        "small to big",
        "small to large",
        "ascending",
        "least to greatest"
      ]
    },
    {
      "value": "large-to-small",
      "synonyms": [
        "large-to-small",
        "largest to smallest",
        "biggest to smallest",
        "greatest to least",
        "descending"
      ]
    }
  ],
  "isEnum": false,
  "automatedExpansion": false
}