{
  "id": "caaa0e01-4cbe-4fda-a990-c676949c85b1",
  "name": "store",
  "isOverridable": true,
  "entries": [
    {
      "value": "s1",
      "synonyms": [
        "s1"
      ]
    },
    {
      "value": "s2",
      "synonyms": [
        "s2"
      ]
    },
    {
      "value": "s3",
      "synonyms": [
        "s3"
      ]
    },
    {
      "value": "s4",
      "synonyms": [
        "s4"
      ]
    },
    {
      "value": "2",
      "synonyms": [
        "2"
      ]
    }
  ],
  "isEnum": false,
  "automatedExpansion": false
}